date,total_downloads,stars,forks
2026-06-01,8,1,0
2026-06-02,10,1,0
2026-06-03,18,1,0
2026-06-04,23,1,0
2026-06-05,45,1,0
2026-06-06,183,1,0
2026-06-07,396,1,0
2026-06-08,404,1,0
2026-06-09,405,1,0
2026-06-10,574,1,0
2026-06-11,575,1,0
2026-06-12,575,1,0
2026-06-13,576,1,0
2026-06-14,579,1,0
2026-06-15,598,1,0
2026-06-16,827,1,1
2026-06-17,900,1,0
2026-06-18,915,1,0
2026-06-19,929,1,0
2026-06-20,929,1,0
2026-06-21,932,1,0
2026-06-22,940,1,0
2026-06-23,945,1,0
2026-06-24,945,1,0
2026-06-25,950,1,0
2026-06-26,950,1,0
2026-06-27,959,1,0
2026-06-28,959,1,0
2026-06-29,959,1,0
2026-06-30,959,1,0
2026-07-01,959,1,0
2026-07-02,963,1,0
2026-07-03,1096,1,0
2026-07-04,1171,1,0
2026-07-05,1478,1,0
2026-07-06,1715,1,0
2026-07-07,1856,1,0
2026-07-08,1897,1,0
2026-07-09,1980,1,0
2026-07-10,1990,2,0
2026-07-11,2001,2,0
2026-07-12,2010,2,0
2026-07-13,2015,2,0
2026-07-14,2018,2,0
2026-07-15,2021,2,0
2026-07-16,2022,2,0
2026-07-17,2029,2,0
2026-07-18,2030,2,0
2026-07-19,2032,2,0
2026-07-20,2032,2,0
2026-07-21,2032,2,0
